-- Seed data
-- Account
-- "Username": "vominhhieu3",
-- "Password": "vominhhieu3"
--         
-- "Username": "nguyentthanhtam33",
-- "Password": "nguyentthanhtam33"
--    
-- "Username": "nguyennminhtrang1",
-- "Password": "nguyennminhtrang1"

USE [Cwebiz]
GO
INSERT [dbo].[Curriculum] ([Id], [Name]) VALUES (629, N'K-24 - Dược Sĩ (Đại Học)')
GO
INSERT [dbo].[Curriculum] ([Id], [Name]) VALUES (697, N'K-25 - Công Nghệ Phần Mềm (Đại Học)')
GO
INSERT [dbo].[Curriculum] ([Id], [Name]) VALUES (866, N'K-26 - Thiết kế Đồ họa (Đại Học - VJ)')
GO
INSERT [dbo].[Student] ([StudentId], [SpecialString], [Name], [BirthDay], [Cmnd], [Email], [PhoneNumber], [Address], [AvatarImgPath], [CurriculumId]) VALUES (N'24205205493', N'7lOQDrVSAcaBZ3e6nJXYRQ==', N'Nguyễn Trần Thanh Tâm', CAST(N'2000-08-26' AS Date), N'215518087', N'nguyentthanhtam33@dtu.edu.vn', N'7515243', N'tấn thạnh I, P. Hoài Hảo, Q. 129, 8, Việt Nam', N'https://images.unsplash.com/photo-1672406053556-ad4d836a70b0?ixlib=rb-4.0.3&ixid=M3wxMjA3fDB8MHxwaG90by1wYWdlfHx8fGVufDB8fHx8fA%3D%3D&auto=format&fit=crop&w=2070&q=80', 629)
GO
INSERT [dbo].[Student] ([StudentId], [SpecialString], [Name], [BirthDay], [Cmnd], [Email], [PhoneNumber], [Address], [AvatarImgPath], [CurriculumId]) VALUES (N'25211210412', N'zdUfnT1JfRo0srXxjYTIuQ==', N'Võ Minh Hiếu', CAST(N'2001-05-04' AS Date), N'233300249', N'vominhhieu3@dtu.edu.vn', N'0986538788', N'thôn 7, P. 19662, Q. 402, 34, Việt Nam', N'https://images.unsplash.com/photo-1672406053556-ad4d836a70b0?ixlib=rb-4.0.3&ixid=M3wxMjA3fDB8MHxwaG90by1wYWdlfHx8fGVufDB8fHx8fA%3D%3D&auto=format&fit=crop&w=2070&q=80', 697)
GO
INSERT [dbo].[Student] ([StudentId], [SpecialString], [Name], [BirthDay], [Cmnd], [Email], [PhoneNumber], [Address], [AvatarImgPath], [CurriculumId]) VALUES (N'26204335764', N'miH4p+yECKvNwzWcywSlQQ==', N'Nguyễn Ngọc Minh Trang', CAST(N'2002-05-17' AS Date), N'206288817', N'nguyennminhtrang1@dtu.edu.vn', N'0905351642', N'tổ 5, P. 18553, Q. 192, 15, Việt Nam', N'https://images.unsplash.com/photo-1672406053556-ad4d836a70b0?ixlib=rb-4.0.3&ixid=M3wxMjA3fDB8MHxwaG90by1wYWdlfHx8fGVufDB8fHx8fA%3D%3D&auto=format&fit=crop&w=2070&q=80', 866)
GO
SET IDENTITY_INSERT [dbo].[CwebizUser] ON
GO
INSERT [dbo].[CwebizUser] ([Id], [Username], [Password], [UserType], [StudentId]) VALUES (1, N'nguyennminhtrang1', N'$2a$11$AOQzGqB37CYJ2N.irpI6Funq0LdYnyEEzqMkfPOm1xW0V6sndB/wq', 1, N'26204335764')
GO
INSERT [dbo].[CwebizUser] ([Id], [Username], [Password], [UserType], [StudentId]) VALUES (2, N'nguyentthanhtam33', N'$2a$11$NXqw1O550a5IRbSKrqxwUOlyQ3C1qFgBj2hf4L5ogJJK74sNMyJKC', 1, N'24205205493')
GO
INSERT [dbo].[CwebizUser] ([Id], [Username], [Password], [UserType], [StudentId]) VALUES (3, N'vominhhieu3', N'$2a$11$7Z5C7zDZsFhsgWEMbiXzz.jZ3D7ATWUCslTq824yf7LzVbyHQO87u', 1, N'25211210412')
GO
SET IDENTITY_INSERT [dbo].[CwebizUser] OFF
GO

USE [Cwebiz]
GO
SET IDENTITY_INSERT [dbo].[Course] ON 

INSERT [dbo].[Course] ([Id], [YearInfor], [YearValue], [SemesterInfor], [SemesterValue], [CreatedDate]) VALUES (1, N'Năm Học 2022-2023', N'78', N'Học Kỳ Hè', N'81', CAST(N'2023-07-21T00:00:00.000' AS DateTime))
SET IDENTITY_INSERT [dbo].[Course] OFF
GO
INSERT [dbo].[Discipline] ([Id], [Name], [CourseId]) VALUES (1, N'ACC', 1)
INSERT [dbo].[Discipline] ([Id], [Name], [CourseId]) VALUES (2, N'AES', 1)
INSERT [dbo].[Discipline] ([Id], [Name], [CourseId]) VALUES (3, N'AET', 1)
INSERT [dbo].[Discipline] ([Id], [Name], [CourseId]) VALUES (4, N'AHI', 1)
INSERT [dbo].[Discipline] ([Id], [Name], [CourseId]) VALUES (5, N'ANA', 1)
INSERT [dbo].[Discipline] ([Id], [Name], [CourseId]) VALUES (6, N'ARC', 1)
INSERT [dbo].[Discipline] ([Id], [Name], [CourseId]) VALUES (7, N'ART', 1)
INSERT [dbo].[Discipline] ([Id], [Name], [CourseId]) VALUES (8, N'AUD', 1)
INSERT [dbo].[Discipline] ([Id], [Name], [CourseId]) VALUES (9, N'BCH', 1)
INSERT [dbo].[Discipline] ([Id], [Name], [CourseId]) VALUES (10, N'BIO', 1)
INSERT [dbo].[Discipline] ([Id], [Name], [CourseId]) VALUES (11, N'BNK', 1)
INSERT [dbo].[Discipline] ([Id], [Name], [CourseId]) VALUES (12, N'CHE', 1)
INSERT [dbo].[Discipline] ([Id], [Name], [CourseId]) VALUES (13, N'CHI', 1)
INSERT [dbo].[Discipline] ([Id], [Name], [CourseId]) VALUES (14, N'CIE', 1)
INSERT [dbo].[Discipline] ([Id], [Name], [CourseId]) VALUES (15, N'CMU-CS', 1)
INSERT [dbo].[Discipline] ([Id], [Name], [CourseId]) VALUES (16, N'CMU-ENG', 1)
INSERT [dbo].[Discipline] ([Id], [Name], [CourseId]) VALUES (17, N'CMU-IS', 1)
INSERT [dbo].[Discipline] ([Id], [Name], [CourseId]) VALUES (18, N'CMU-SE', 1)
INSERT [dbo].[Discipline] ([Id], [Name], [CourseId]) VALUES (19, N'COM', 1)
INSERT [dbo].[Discipline] ([Id], [Name], [CourseId]) VALUES (20, N'CR', 1)
INSERT [dbo].[Discipline] ([Id], [Name], [CourseId]) VALUES (21, N'CS', 1)
INSERT [dbo].[Discipline] ([Id], [Name], [CourseId]) VALUES (22, N'CSU-CIE', 1)
INSERT [dbo].[Discipline] ([Id], [Name], [CourseId]) VALUES (23, N'CSU-ENG', 1)
INSERT [dbo].[Discipline] ([Id], [Name], [CourseId]) VALUES (24, N'CUL', 1)
INSERT [dbo].[Discipline] ([Id], [Name], [CourseId]) VALUES (25, N'DEN', 1)
INSERT [dbo].[Discipline] ([Id], [Name], [CourseId]) VALUES (26, N'DMS', 1)
INSERT [dbo].[Discipline] ([Id], [Name], [CourseId]) VALUES (27, N'DTE', 1)
INSERT [dbo].[Discipline] ([Id], [Name], [CourseId]) VALUES (28, N'ECO', 1)
INSERT [dbo].[Discipline] ([Id], [Name], [CourseId]) VALUES (29, N'EE', 1)
INSERT [dbo].[Discipline] ([Id], [Name], [CourseId]) VALUES (30, N'ENG', 1)
INSERT [dbo].[Discipline] ([Id], [Name], [CourseId]) VALUES (31, N'EVR', 1)
INSERT [dbo].[Discipline] ([Id], [Name], [CourseId]) VALUES (32, N'EVT', 1)
INSERT [dbo].[Discipline] ([Id], [Name], [CourseId]) VALUES (33, N'FIN', 1)
INSERT [dbo].[Discipline] ([Id], [Name], [CourseId]) VALUES (34, N'FST', 1)
INSERT [dbo].[Discipline] ([Id], [Name], [CourseId]) VALUES (35, N'HIS', 1)
INSERT [dbo].[Discipline] ([Id], [Name], [CourseId]) VALUES (36, N'HOS', 1)
INSERT [dbo].[Discipline] ([Id], [Name], [CourseId]) VALUES (37, N'HRM', 1)
INSERT [dbo].[Discipline] ([Id], [Name], [CourseId]) VALUES (38, N'IB', 1)
INSERT [dbo].[Discipline] ([Id], [Name], [CourseId]) VALUES (39, N'ID', 1)
INSERT [dbo].[Discipline] ([Id], [Name], [CourseId]) VALUES (40, N'INR', 1)
INSERT [dbo].[Discipline] ([Id], [Name], [CourseId]) VALUES (41, N'IS', 1)
INSERT [dbo].[Discipline] ([Id], [Name], [CourseId]) VALUES (42, N'IS-ENG', 1)
INSERT [dbo].[Discipline] ([Id], [Name], [CourseId]) VALUES (43, N'JAP', 1)
INSERT [dbo].[Discipline] ([Id], [Name], [CourseId]) VALUES (44, N'KOR', 1)
INSERT [dbo].[Discipline] ([Id], [Name], [CourseId]) VALUES (45, N'LAW', 1)
INSERT [dbo].[Discipline] ([Id], [Name], [CourseId]) VALUES (46, N'LIN', 1)
INSERT [dbo].[Discipline] ([Id], [Name], [CourseId]) VALUES (47, N'LIT', 1)
INSERT [dbo].[Discipline] ([Id], [Name], [CourseId]) VALUES (48, N'MEC', 1)
INSERT [dbo].[Discipline] ([Id], [Name], [CourseId]) VALUES (49, N'MED', 1)
INSERT [dbo].[Discipline] ([Id], [Name], [CourseId]) VALUES (50, N'MGO', 1)
INSERT [dbo].[Discipline] ([Id], [Name], [CourseId]) VALUES (51, N'MGT', 1)
INSERT [dbo].[Discipline] ([Id], [Name], [CourseId]) VALUES (52, N'MKT', 1)
INSERT [dbo].[Discipline] ([Id], [Name], [CourseId]) VALUES (53, N'MT', 1)
INSERT [dbo].[Discipline] ([Id], [Name], [CourseId]) VALUES (54, N'MTH', 1)
INSERT [dbo].[Discipline] ([Id], [Name], [CourseId]) VALUES (55, N'NTR', 1)
INSERT [dbo].[Discipline] ([Id], [Name], [CourseId]) VALUES (56, N'NUR', 1)
INSERT [dbo].[Discipline] ([Id], [Name], [CourseId]) VALUES (57, N'OB', 1)
INSERT [dbo].[Discipline] ([Id], [Name], [CourseId]) VALUES (58, N'PGY', 1)
INSERT [dbo].[Discipline] ([Id], [Name], [CourseId]) VALUES (59, N'PHC', 1)
INSERT [dbo].[Discipline] ([Id], [Name], [CourseId]) VALUES (60, N'PHI', 1)
INSERT [dbo].[Discipline] ([Id], [Name], [CourseId]) VALUES (61, N'PHM', 1)
INSERT [dbo].[Discipline] ([Id], [Name], [CourseId]) VALUES (62, N'PHY', 1)
INSERT [dbo].[Discipline] ([Id], [Name], [CourseId]) VALUES (63, N'PMY', 1)
INSERT [dbo].[Discipline] ([Id], [Name], [CourseId]) VALUES (64, N'PNU-EE', 1)
INSERT [dbo].[Discipline] ([Id], [Name], [CourseId]) VALUES (65, N'POS', 1)
INSERT [dbo].[Discipline] ([Id], [Name], [CourseId]) VALUES (66, N'PSU-ACC', 1)
INSERT [dbo].[Discipline] ([Id], [Name], [CourseId]) VALUES (67, N'PSU-COM', 1)
INSERT [dbo].[Discipline] ([Id], [Name], [CourseId]) VALUES (68, N'PSU-ECO', 1)
INSERT [dbo].[Discipline] ([Id], [Name], [CourseId]) VALUES (69, N'PSU-ENG', 1)
INSERT [dbo].[Discipline] ([Id], [Name], [CourseId]) VALUES (70, N'PSU-FIN', 1)
INSERT [dbo].[Discipline] ([Id], [Name], [CourseId]) VALUES (71, N'PSU-HOS', 1)
INSERT [dbo].[Discipline] ([Id], [Name], [CourseId]) VALUES (72, N'PSU-MGT', 1)
INSERT [dbo].[Discipline] ([Id], [Name], [CourseId]) VALUES (73, N'PSU-OB', 1)
INSERT [dbo].[Discipline] ([Id], [Name], [CourseId]) VALUES (74, N'PSU-TOU', 1)
INSERT [dbo].[Discipline] ([Id], [Name], [CourseId]) VALUES (75, N'PSY', 1)
INSERT [dbo].[Discipline] ([Id], [Name], [CourseId]) VALUES (76, N'PTH', 1)
INSERT [dbo].[Discipline] ([Id], [Name], [CourseId]) VALUES (77, N'REM', 1)
INSERT [dbo].[Discipline] ([Id], [Name], [CourseId]) VALUES (78, N'SCM', 1)
INSERT [dbo].[Discipline] ([Id], [Name], [CourseId]) VALUES (79, N'SE', 1)
INSERT [dbo].[Discipline] ([Id], [Name], [CourseId]) VALUES (80, N'SOC', 1)
INSERT [dbo].[Discipline] ([Id], [Name], [CourseId]) VALUES (81, N'SPM', 1)
INSERT [dbo].[Discipline] ([Id], [Name], [CourseId]) VALUES (82, N'STA', 1)
INSERT [dbo].[Discipline] ([Id], [Name], [CourseId]) VALUES (83, N'THR', 1)
INSERT [dbo].[Discipline] ([Id], [Name], [CourseId]) VALUES (84, N'TOU', 1)
GO
INSERT [dbo].[Keyword] ([Id], [Keyword1], [CourseId], [SubjectName], [Color], [DisciplineId]) VALUES (1, N'201', N'301', N'Nguyên Lý Kế Toán 1', N'#C684AA', 1)
INSERT [dbo].[Keyword] ([Id], [Keyword1], [CourseId], [SubjectName], [Color], [DisciplineId]) VALUES (2, N'202', N'320', N'Nguyên Lý Kế Toán 2', N'#B1FA9C', 1)
INSERT [dbo].[Keyword] ([Id], [Keyword1], [CourseId], [SubjectName], [Color], [DisciplineId]) VALUES (3, N'301', N'321', N'Kế Toán Quản Trị 1', N'#ECE498', 1)
INSERT [dbo].[Keyword] ([Id], [Keyword1], [CourseId], [SubjectName], [Color], [DisciplineId]) VALUES (4, N'303', N'333', N'Kế Toán Quản Trị 2', N'#9CE282', 1)
INSERT [dbo].[Keyword] ([Id], [Keyword1], [CourseId], [SubjectName], [Color], [DisciplineId]) VALUES (5, N'382', N'1449', N'Kế Toán Thuế', N'#89BEF7', 1)
INSERT [dbo].[Keyword] ([Id], [Keyword1], [CourseId], [SubjectName], [Color], [DisciplineId]) VALUES (6, N'411', N'374', N'Phân Tích Hoạt Động Kinh Doanh', N'#91A2E6', 1)
INSERT [dbo].[Keyword] ([Id], [Keyword1], [CourseId], [SubjectName], [Color], [DisciplineId]) VALUES (7, N'421', N'376', N'Phân Tích Báo Cáo Tài Chính', N'#ED9496', 1)
INSERT [dbo].[Keyword] ([Id], [Keyword1], [CourseId], [SubjectName], [Color], [DisciplineId]) VALUES (8, N'423', N'379', N'Kế Toán Tài Chính Thương Mại Dịch Vụ', N'#9989B4', 1)
INSERT [dbo].[Keyword] ([Id], [Keyword1], [CourseId], [SubjectName], [Color], [DisciplineId]) VALUES (9, N'426', N'369', N'Kế Toán Ngân Hàng', N'#B68CBA', 1)
INSERT [dbo].[Keyword] ([Id], [Keyword1], [CourseId], [SubjectName], [Color], [DisciplineId]) VALUES (10, N'452', N'377', N'Kế Toán Tài Chính Nâng Cao', N'#91C4B2', 1)
INSERT [dbo].[Keyword] ([Id], [Keyword1], [CourseId], [SubjectName], [Color], [DisciplineId]) VALUES (11, N'251', N'176', N'Đại Cương Mỹ Học', N'#9293D7', 2)
INSERT [dbo].[Keyword] ([Id], [Keyword1], [CourseId], [SubjectName], [Color], [DisciplineId]) VALUES (12, N'297', N'2117', N'Đồ án CDIO', N'#90C1B2', 3)
INSERT [dbo].[Keyword] ([Id], [Keyword1], [CourseId], [SubjectName], [Color], [DisciplineId]) VALUES (13, N'347', N'2118', N'Đồ án CDIO', N'#E0CFBE', 3)
INSERT [dbo].[Keyword] ([Id], [Keyword1], [CourseId], [SubjectName], [Color], [DisciplineId]) VALUES (14, N'391', N'174', N'Lịch Sử Kiến Trúc Phương Đông & Việt Nam', N'#B6BDB8', 4)
INSERT [dbo].[Keyword] ([Id], [Keyword1], [CourseId], [SubjectName], [Color], [DisciplineId]) VALUES (15, N'392', N'173', N'Lịch Sử Kiến Trúc Phương Tây', N'#D2BCE4', 4)
INSERT [dbo].[Keyword] ([Id], [Keyword1], [CourseId], [SubjectName], [Color], [DisciplineId]) VALUES (16, N'301', N'1291', N'Mô Phôi Cho Y Khoa', N'#96C1C9', 5)
INSERT [dbo].[Keyword] ([Id], [Keyword1], [CourseId], [SubjectName], [Color], [DisciplineId]) VALUES (17, N'306', N'1863', N'Mô Phôi Răng Miệng', N'#F3A9D2', 5)
INSERT [dbo].[Keyword] ([Id], [Keyword1], [CourseId], [SubjectName], [Color], [DisciplineId]) VALUES (18, N'216', N'1118', N'Hình Họa Mỹ Thuật 3', N'#B7B3B6', 6)
INSERT [dbo].[Keyword] ([Id], [Keyword1], [CourseId], [SubjectName], [Color], [DisciplineId]) VALUES (19, N'341', N'561', N'Brand Design Studio', N'#88E2C3', 7)
INSERT [dbo].[Keyword] ([Id], [Keyword1], [CourseId], [SubjectName], [Color], [DisciplineId]) VALUES (20, N'353', N'383', N'Kiểm Toán Nội Bộ', N'#CFDD80', 8)
INSERT [dbo].[Keyword] ([Id], [Keyword1], [CourseId], [SubjectName], [Color], [DisciplineId]) VALUES (21, N'402', N'384', N'Kiểm Toán Tài Chính 1', N'#D7D9DF', 8)
INSERT [dbo].[Keyword] ([Id], [Keyword1], [CourseId], [SubjectName], [Color], [DisciplineId]) VALUES (22, N'251', N'1300', N'Hóa Sinh Y Học', N'#B39787', 9)
INSERT [dbo].[Keyword] ([Id], [Keyword1], [CourseId], [SubjectName], [Color], [DisciplineId]) VALUES (23, N'101', N'36', N'Sinh Học Đại Cương', N'#D8B6DC', 10)
INSERT [dbo].[Keyword] ([Id], [Keyword1], [CourseId], [SubjectName], [Color], [DisciplineId]) VALUES (24, N'213', N'535', N'Sinh Lý Học', N'#BABFC1', 10)
INSERT [dbo].[Keyword] ([Id], [Keyword1], [CourseId], [SubjectName], [Color], [DisciplineId]) VALUES (25, N'354', N'896', N'Thanh Toán Quốc Tế', N'#9597D9', 11)
INSERT [dbo].[Keyword] ([Id], [Keyword1], [CourseId], [SubjectName], [Color], [DisciplineId]) VALUES (26, N'401', N'370', N'Ngân Hàng Trung Ương', N'#C3C89A', 11)
INSERT [dbo].[Keyword] ([Id], [Keyword1], [CourseId], [SubjectName], [Color], [DisciplineId]) VALUES (27, N'101', N'35', N'Hóa Học Đại Cương', N'#A7A3A8', 12)
INSERT [dbo].[Keyword] ([Id], [Keyword1], [CourseId], [SubjectName], [Color], [DisciplineId]) VALUES (28, N'203', N'451', N'Hóa Hữu Cơ', N'#E4EDC5', 12)
INSERT [dbo].[Keyword] ([Id], [Keyword1], [CourseId], [SubjectName], [Color], [DisciplineId]) VALUES (29, N'273', N'924', N'Hóa Hữu Cơ cho Dược', N'#A0D4E0', 12)
INSERT [dbo].[Keyword] ([Id], [Keyword1], [CourseId], [SubjectName], [Color], [DisciplineId]) VALUES (30, N'102', N'9', N'Trung Ngữ Sơ Cấp 2', N'#82B8D5', 13)
INSERT [dbo].[Keyword] ([Id], [Keyword1], [CourseId], [SubjectName], [Color], [DisciplineId]) VALUES (31, N'116', N'1740', N'Nói (tiếng Trung) 1', N'#CDBA80', 13)
INSERT [dbo].[Keyword] ([Id], [Keyword1], [CourseId], [SubjectName], [Color], [DisciplineId]) VALUES (32, N'151', N'1743', N'Tiếng Trung Quốc Tổng Hợp 1', N'#DCECED', 13)
INSERT [dbo].[Keyword] ([Id], [Keyword1], [CourseId], [SubjectName], [Color], [DisciplineId]) VALUES (33, N'166', N'1809', N'Nói (tiếng Trung) 2', N'#8286A3', 13)
INSERT [dbo].[Keyword] ([Id], [Keyword1], [CourseId], [SubjectName], [Color], [DisciplineId]) VALUES (34, N'168', N'1806', N'Nghe (tiếng Trung) 2', N'#B99192', 13)
INSERT [dbo].[Keyword] ([Id], [Keyword1], [CourseId], [SubjectName], [Color], [DisciplineId]) VALUES (35, N'169', N'1813', N'Đọc (tiếng Trung) 2', N'#C1DDF7', 13)
INSERT [dbo].[Keyword] ([Id], [Keyword1], [CourseId], [SubjectName], [Color], [DisciplineId]) VALUES (36, N'216', N'1810', N'Nói (tiếng Trung) 3', N'#A19ED2', 13)
INSERT [dbo].[Keyword] ([Id], [Keyword1], [CourseId], [SubjectName], [Color], [DisciplineId]) VALUES (37, N'217', N'1817', N'Viết (tiếng Trung) 3', N'#F783AF', 13)
INSERT [dbo].[Keyword] ([Id], [Keyword1], [CourseId], [SubjectName], [Color], [DisciplineId]) VALUES (38, N'251', N'1803', N'Tiếng Trung Quốc Tổng Hợp 3', N'#8CC890', 13)
INSERT [dbo].[Keyword] ([Id], [Keyword1], [CourseId], [SubjectName], [Color], [DisciplineId]) VALUES (39, N'262', N'1791', N'Từ Vựng Tiếng Trung', N'#A1AA9D', 13)
INSERT [dbo].[Keyword] ([Id], [Keyword1], [CourseId], [SubjectName], [Color], [DisciplineId]) VALUES (40, N'302', N'21', N'Trung Ngữ Cao Cấp 2', N'#DBF4FB', 13)
INSERT [dbo].[Keyword] ([Id], [Keyword1], [CourseId], [SubjectName], [Color], [DisciplineId]) VALUES (41, N'350', N'1819', N'Dẫn Luận Ngôn Ngữ Học (Tiếng Trung)', N'#A7A583', 13)
INSERT [dbo].[Keyword] ([Id], [Keyword1], [CourseId], [SubjectName], [Color], [DisciplineId]) VALUES (42, N'355', N'1827', N'Ngôn Ngữ Học Đối Chiếu (Tiếng Trung)', N'#A789FA', 13)
INSERT [dbo].[Keyword] ([Id], [Keyword1], [CourseId], [SubjectName], [Color], [DisciplineId]) VALUES (43, N'371', N'1829', N'Phiên Dịch (Tiếng Trung)', N'#E4FBA7', 13)
INSERT [dbo].[Keyword] ([Id], [Keyword1], [CourseId], [SubjectName], [Color], [DisciplineId]) VALUES (44, N'376', N'1828', N'Biên Dịch (Tiếng Trung)', N'#F8E6CE', 13)
INSERT [dbo].[Keyword] ([Id], [Keyword1], [CourseId], [SubjectName], [Color], [DisciplineId]) VALUES (45, N'414', N'1794', N'Ngữ Pháp cho Khảo Sát HSK', N'#F8A7A7', 13)
INSERT [dbo].[Keyword] ([Id], [Keyword1], [CourseId], [SubjectName], [Color], [DisciplineId]) VALUES (46, N'424', N'1834', N'Phiên Dịch Tiếng Trung trong Du Lịch', N'#A2D3D9', 13)
INSERT [dbo].[Keyword] ([Id], [Keyword1], [CourseId], [SubjectName], [Color], [DisciplineId]) VALUES (47, N'433', N'1832', N'Dịch Thuật trong Khoa Học – Kỹ Thuật', N'#86BFAB', 13)
INSERT [dbo].[Keyword] ([Id], [Keyword1], [CourseId], [SubjectName], [Color], [DisciplineId]) VALUES (48, N'438', N'1831', N'Dịch Thuật trong Tin Tức – Thời Sự', N'#B4DFD3', 13)
INSERT [dbo].[Keyword] ([Id], [Keyword1], [CourseId], [SubjectName], [Color], [DisciplineId]) VALUES (49, N'111', N'212', N'Vẽ Kỹ Thuật & CAD', N'#92F0A5', 14)
INSERT [dbo].[Keyword] ([Id], [Keyword1], [CourseId], [SubjectName], [Color], [DisciplineId]) VALUES (50, N'439', N'273', N'Đồ Án Thi Công Cầu', N'#BEEFD3', 14)
INSERT [dbo].[Keyword] ([Id], [Keyword1], [CourseId], [SubjectName], [Color], [DisciplineId]) VALUES (51, N'441', N'240', N'Quản Lý Dự Án Xây Dựng', N'#EFBB8E', 14)
INSERT [dbo].[Keyword] ([Id], [Keyword1], [CourseId], [SubjectName], [Color], [DisciplineId]) VALUES (52, N'458', N'904', N'Kỹ Thuật & Tổ Chức Thi Công Cầu', N'#D7DEB8', 14)
INSERT [dbo].[Keyword] ([Id], [Keyword1], [CourseId], [SubjectName], [Color], [DisciplineId]) VALUES (53, N'467', N'278', N'Đường Phố & Giao Thông Đô Thị', N'#EEB08A', 14)
INSERT [dbo].[Keyword] ([Id], [Keyword1], [CourseId], [SubjectName], [Color], [DisciplineId]) VALUES (54, N'477', N'236', N'Kết Cấu Bê Tông Cốt Thép Ứng Lực Trước', N'#B7EFC9', 14)
INSERT [dbo].[Keyword] ([Id], [Keyword1], [CourseId], [SubjectName], [Color], [DisciplineId]) VALUES (55, N'480', N'1938', N'Thí Nghiệm và Kiểm Định Công Trình', N'#A0C7A9', 14)
INSERT [dbo].[Keyword] ([Id], [Keyword1], [CourseId], [SubjectName], [Color], [DisciplineId]) VALUES (56, N'483', N'258', N'Kỹ Thuật Thi Công Đặc Biệt', N'#9DF881', 14)
INSERT [dbo].[Keyword] ([Id], [Keyword1], [CourseId], [SubjectName], [Color], [DisciplineId]) VALUES (57, N'489', N'276', N'Khai Thác, Kiểm Định & Gia Cố Cầu', N'#E39896', 14)
INSERT [dbo].[Keyword] ([Id], [Keyword1], [CourseId], [SubjectName], [Color], [DisciplineId]) VALUES (58, N'252', N'609', N'Introduction to Network & Telecommunications Technology', N'#C2E180', 15)
INSERT [dbo].[Keyword] ([Id], [Keyword1], [CourseId], [SubjectName], [Color], [DisciplineId]) VALUES (59, N'303', N'610', N'Fundamentals of Computing 1', N'#88DEA4', 15)
INSERT [dbo].[Keyword] ([Id], [Keyword1], [CourseId], [SubjectName], [Color], [DisciplineId]) VALUES (60, N'311', N'608', N'Object-Oriented Programming C++ (Advanced Concepts in Computing)', N'#A7D5D1', 15)
INSERT [dbo].[Keyword] ([Id], [Keyword1], [CourseId], [SubjectName], [Color], [DisciplineId]) VALUES (61, N'428', N'638', N'Hacking Exposed', N'#83CAF0', 15)
INSERT [dbo].[Keyword] ([Id], [Keyword1], [CourseId], [SubjectName], [Color], [DisciplineId]) VALUES (62, N'130', N'1091', N'Anh Văn Chuyên Ngành cho Sinh Viên CMU 1', N'#ABA9C8', 16)
INSERT [dbo].[Keyword] ([Id], [Keyword1], [CourseId], [SubjectName], [Color], [DisciplineId]) VALUES (63, N'401', N'630', N'Information System Applications', N'#A18DDF', 17)
INSERT [dbo].[Keyword] ([Id], [Keyword1], [CourseId], [SubjectName], [Color], [DisciplineId]) VALUES (64, N'432', N'618', N'Software Project Management', N'#ECD4CB', 17)
INSERT [dbo].[Keyword] ([Id], [Keyword1], [CourseId], [SubjectName], [Color], [DisciplineId]) VALUES (65, N'303', N'620', N'Software Testing (Verification & Validation)', N'#FDEF82', 18)
INSERT [dbo].[Keyword] ([Id], [Keyword1], [CourseId], [SubjectName], [Color], [DisciplineId]) VALUES (66, N'433', N'619', N'Software Process & Quality Management', N'#DEEE8E', 18)
INSERT [dbo].[Keyword] ([Id], [Keyword1], [CourseId], [SubjectName], [Color], [DisciplineId]) VALUES (67, N'141', N'2318', N'Nói & Trình Bày (tiếng Việt)', N'#F5F9FC', 19)
INSERT [dbo].[Keyword] ([Id], [Keyword1], [CourseId], [SubjectName], [Color], [DisciplineId]) VALUES (68, N'142', N'2319', N'Viết (tiếng Việt)', N'#E1E8D7', 19)
INSERT [dbo].[Keyword] ([Id], [Keyword1], [CourseId], [SubjectName], [Color], [DisciplineId]) VALUES (69, N'435', N'350', N'Quan Hệ Công Chúng', N'#B0D4CB', 19)
INSERT [dbo].[Keyword] ([Id], [Keyword1], [CourseId], [SubjectName], [Color], [DisciplineId]) VALUES (70, N'210', N'61', N'Lắp Ráp & Bảo Trì Hệ Thống', N'#D6D7B3', 20)
INSERT [dbo].[Keyword] ([Id], [Keyword1], [CourseId], [SubjectName], [Color], [DisciplineId]) VALUES (71, N'250', N'62', N'Nền Tảng Hệ Thống Máy Tính', N'#888CC1', 20)
INSERT [dbo].[Keyword] ([Id], [Keyword1], [CourseId], [SubjectName], [Color], [DisciplineId]) VALUES (72, N'332', N'898', N'Nhập Môn Lập Trình Vi Điều Khiển', N'#D3FBAF', 20)
INSERT [dbo].[Keyword] ([Id], [Keyword1], [CourseId], [SubjectName], [Color], [DisciplineId]) VALUES (73, N'424', N'81', N'Lập Trình Ứng Dụng cho các Thiết Bị Di Động', N'#C1ECD4', 20)
INSERT [dbo].[Keyword] ([Id], [Keyword1], [CourseId], [SubjectName], [Color], [DisciplineId]) VALUES (74, N'100', N'48', N'Giới Thiệu về Khoa Học Máy Tính', N'#EAA69D', 21)
INSERT [dbo].[Keyword] ([Id], [Keyword1], [CourseId], [SubjectName], [Color], [DisciplineId]) VALUES (75, N'201', N'23', N'Tin Học Ứng Dụng', N'#DCEBE9', 21)
INSERT [dbo].[Keyword] ([Id], [Keyword1], [CourseId], [SubjectName], [Color], [DisciplineId]) VALUES (76, N'211', N'56', N'Lập Trình Cơ Sở', N'#89F2DA', 21)
INSERT [dbo].[Keyword] ([Id], [Keyword1], [CourseId], [SubjectName], [Color], [DisciplineId]) VALUES (77, N'226', N'63', N'Hệ Điều Hành Unix / Linux', N'#9AE1DF', 21)
INSERT [dbo].[Keyword] ([Id], [Keyword1], [CourseId], [SubjectName], [Color], [DisciplineId]) VALUES (78, N'252', N'65', N'Mạng Máy Tính', N'#B3DC8D', 21)
INSERT [dbo].[Keyword] ([Id], [Keyword1], [CourseId], [SubjectName], [Color], [DisciplineId]) VALUES (79, N'297', N'965', N'Đồ Án CDIO', N'#EDB199', 21)
INSERT [dbo].[Keyword] ([Id], [Keyword1], [CourseId], [SubjectName], [Color], [DisciplineId]) VALUES (80, N'303', N'66', N'Phân Tích & Thiết Kế Hệ Thống', N'#8587C2', 21)
INSERT [dbo].[Keyword] ([Id], [Keyword1], [CourseId], [SubjectName], [Color], [DisciplineId]) VALUES (81, N'311', N'57', N'Lập Trình Hướng Đối Tượng', N'#96F9CC', 21)
INSERT [dbo].[Keyword] ([Id], [Keyword1], [CourseId], [SubjectName], [Color], [DisciplineId]) VALUES (82, N'312', N'2324', N'Thiết Kế Web', N'#9A8F92', 21)
INSERT [dbo].[Keyword] ([Id], [Keyword1], [CourseId], [SubjectName], [Color], [DisciplineId]) VALUES (83, N'316', N'55', N'Giới Thiệu Cấu Trúc Dữ Liệu & Giải Thuật', N'#B4C5AD', 21)
INSERT [dbo].[Keyword] ([Id], [Keyword1], [CourseId], [SubjectName], [Color], [DisciplineId]) VALUES (84, N'353', N'99', N'Phân Tích & Thiết Kế Hướng Đối Tượng', N'#F186F9', 21)
INSERT [dbo].[Keyword] ([Id], [Keyword1], [CourseId], [SubjectName], [Color], [DisciplineId]) VALUES (85, N'372', N'73', N'Quản Trị Mạng', N'#86CAD6', 21)
INSERT [dbo].[Keyword] ([Id], [Keyword1], [CourseId], [SubjectName], [Color], [DisciplineId]) VALUES (86, N'403', N'100', N'Công Nghệ Phần Mềm', N'#E1C3F8', 21)
INSERT [dbo].[Keyword] ([Id], [Keyword1], [CourseId], [SubjectName], [Color], [DisciplineId]) VALUES (87, N'417', N'94', N'Trí Tuệ Nhân Tạo (Biểu Diễn & Giải Thuật)', N'#F3E49A', 21)
INSERT [dbo].[Keyword] ([Id], [Keyword1], [CourseId], [SubjectName], [Color], [DisciplineId]) VALUES (88, N'420', N'72', N'Hệ Phân Tán (J2EE, .NET)', N'#E5FEBF', 21)
INSERT [dbo].[Keyword] ([Id], [Keyword1], [CourseId], [SubjectName], [Color], [DisciplineId]) VALUES (89, N'421', N'74', N'Thiết Kế Mạng', N'#898BF6', 21)
INSERT [dbo].[Keyword] ([Id], [Keyword1], [CourseId], [SubjectName], [Color], [DisciplineId]) VALUES (90, N'428', N'78', N'Tấn Công Mạng', N'#BD80EF', 21)
INSERT [dbo].[Keyword] ([Id], [Keyword1], [CourseId], [SubjectName], [Color], [DisciplineId]) VALUES (91, N'434', N'101', N'Công Cụ & Phương Pháp Thiết Kế - Quản Lý (Phần Mềm)', N'#A890E3', 21)
INSERT [dbo].[Keyword] ([Id], [Keyword1], [CourseId], [SubjectName], [Color], [DisciplineId]) VALUES (92, N'462', N'102', N'Kiểm Thử & Đảm Bảo Chất Lượng Phần Mềm', N'#EEECCF', 21)
INSERT [dbo].[Keyword] ([Id], [Keyword1], [CourseId], [SubjectName], [Color], [DisciplineId]) VALUES (93, N'464', N'2317', N'Lập Trình Ứng Dụng .NET', N'#ABA584', 21)
INSERT [dbo].[Keyword] ([Id], [Keyword1], [CourseId], [SubjectName], [Color], [DisciplineId]) VALUES (94, N'466', N'910', N'Perl & Python', N'#D8CEF1', 21)
INSERT [dbo].[Keyword] ([Id], [Keyword1], [CourseId], [SubjectName], [Color], [DisciplineId]) VALUES (95, N'378', N'760', N'Kết Cấu Thép', N'#9EC39D', 22)
INSERT [dbo].[Keyword] ([Id], [Keyword1], [CourseId], [SubjectName], [Color], [DisciplineId]) VALUES (96, N'441', N'765', N'Quản Lý Dự Án Xây Dựng', N'#AFDBE0', 22)
INSERT [dbo].[Keyword] ([Id], [Keyword1], [CourseId], [SubjectName], [Color], [DisciplineId]) VALUES (97, N'430', N'1100', N'Anh Văn Chuyên Ngành cho Sinh Viên CSU 4', N'#A5D4CB', 23)
INSERT [dbo].[Keyword] ([Id], [Keyword1], [CourseId], [SubjectName], [Color], [DisciplineId]) VALUES (98, N'251', N'147', N'Cơ Sở Văn Hóa Việt Nam', N'#AEB28D', 24)
INSERT [dbo].[Keyword] ([Id], [Keyword1], [CourseId], [SubjectName], [Color], [DisciplineId]) VALUES (99, N'379', N'1801', N'Văn Hóa Trung Hoa', N'#FF8FC4', 24)
INSERT [dbo].[Keyword] ([Id], [Keyword1], [CourseId], [SubjectName], [Color], [DisciplineId]) VALUES (100, N'446', N'1998', N'Thực Tập Cộng Đồng Cho Răng - Hàm - Mặt 1', N'#BECBA8', 25)
GO
INSERT [dbo].[Keyword] ([Id], [Keyword1], [CourseId], [SubjectName], [Color], [DisciplineId]) VALUES (101, N'634', N'1990', N'Nha Khoa Cấy Ghép', N'#F1B0EA', 25)
INSERT [dbo].[Keyword] ([Id], [Keyword1], [CourseId], [SubjectName], [Color], [DisciplineId]) VALUES (102, N'643', N'1987', N'Phục Hình 3', N'#92AE95', 25)
INSERT [dbo].[Keyword] ([Id], [Keyword1], [CourseId], [SubjectName], [Color], [DisciplineId]) VALUES (103, N'663', N'1996', N'Nhân Học Răng & Pháp Nha', N'#F19BDD', 25)
INSERT [dbo].[Keyword] ([Id], [Keyword1], [CourseId], [SubjectName], [Color], [DisciplineId]) VALUES (104, N'221', N'537', N'CorelDraw & Adobe Illustrator', N'#E3B3AA', 26)
INSERT [dbo].[Keyword] ([Id], [Keyword1], [CourseId], [SubjectName], [Color], [DisciplineId]) VALUES (105, N'231', N'538', N'Adobe Photoshop', N'#BFA9B5', 26)
INSERT [dbo].[Keyword] ([Id], [Keyword1], [CourseId], [SubjectName], [Color], [DisciplineId]) VALUES (106, N'341', N'560', N'3D Modeling & Animations', N'#B69FCF', 26)
INSERT [dbo].[Keyword] ([Id], [Keyword1], [CourseId], [SubjectName], [Color], [DisciplineId]) VALUES (107, N'201', N'40', N'Đạo Đức trong Công Việc', N'#AEBC86', 27)
INSERT [dbo].[Keyword] ([Id], [Keyword1], [CourseId], [SubjectName], [Color], [DisciplineId]) VALUES (108, N'151', N'311', N'Căn Bản Kinh Tế Vi Mô', N'#DAD0B7', 28)
INSERT [dbo].[Keyword] ([Id], [Keyword1], [CourseId], [SubjectName], [Color], [DisciplineId]) VALUES (109, N'152', N'312', N'Căn Bản Kinh Tế Vĩ Mô', N'#84B2A6', 28)
INSERT [dbo].[Keyword] ([Id], [Keyword1], [CourseId], [SubjectName], [Color], [DisciplineId]) VALUES (110, N'302', N'314', N'Kinh Tế Trong Quản Trị', N'#96CB81', 28)
INSERT [dbo].[Keyword] ([Id], [Keyword1], [CourseId], [SubjectName], [Color], [DisciplineId]) VALUES (111, N'303', N'469', N'Kinh Tế Trong Quản Trị Dịch Vụ', N'#8DE0B4', 28)
INSERT [dbo].[Keyword] ([Id], [Keyword1], [CourseId], [SubjectName], [Color], [DisciplineId]) VALUES (112, N'391', N'524', N'Kinh Tế Môi Trường', N'#C4BB88', 28)
INSERT [dbo].[Keyword] ([Id], [Keyword1], [CourseId], [SubjectName], [Color], [DisciplineId]) VALUES (113, N'200', N'67', N'Mạch và Linh Kiện Điện Tử', N'#CDCBC2', 29)
INSERT [dbo].[Keyword] ([Id], [Keyword1], [CourseId], [SubjectName], [Color], [DisciplineId]) VALUES (114, N'251', N'822', N'Kỹ Thuật Điện', N'#E7C0B1', 29)
INSERT [dbo].[Keyword] ([Id], [Keyword1], [CourseId], [SubjectName], [Color], [DisciplineId]) VALUES (115, N'404', N'831', N'Mô Hình Hóa & Mô Phỏng Hệ Thống Điều Khiển', N'#B8DD83', 29)
INSERT [dbo].[Keyword] ([Id], [Keyword1], [CourseId], [SubjectName], [Color], [DisciplineId]) VALUES (116, N'416', N'827', N'Ngắt Mạch & Bảo Vệ Rơ-le trong Hệ Thống Điện', N'#F8E1F8', 29)
INSERT [dbo].[Keyword] ([Id], [Keyword1], [CourseId], [SubjectName], [Color], [DisciplineId]) VALUES (117, N'436', N'110', N'Kỹ Thuật Điện Thoại & Tổng Đài', N'#CFAC9F', 29)
INSERT [dbo].[Keyword] ([Id], [Keyword1], [CourseId], [SubjectName], [Color], [DisciplineId]) VALUES (118, N'439', N'1417', N'Truyền Thông Không Dây', N'#80B5F5', 29)
INSERT [dbo].[Keyword] ([Id], [Keyword1], [CourseId], [SubjectName], [Color], [DisciplineId]) VALUES (119, N'454', N'1726', N'DSP Cho Hệ Thống Nhúng Thời Gian Thực', N'#B0BBDD', 29)
INSERT [dbo].[Keyword] ([Id], [Keyword1], [CourseId], [SubjectName], [Color], [DisciplineId]) VALUES (120, N'491', N'835', N'Điều Khiển Số', N'#D0A893', 29)
INSERT [dbo].[Keyword] ([Id], [Keyword1], [CourseId], [SubjectName], [Color], [DisciplineId]) VALUES (121, N'495', N'833', N'Robot Công Nghiệp', N'#D2B080', 29)
INSERT [dbo].[Keyword] ([Id], [Keyword1], [CourseId], [SubjectName], [Color], [DisciplineId]) VALUES (122, N'104', N'138', N'Ngữ Pháp Anh Văn Căn Bản', N'#F5ADC0', 30)
INSERT [dbo].[Keyword] ([Id], [Keyword1], [CourseId], [SubjectName], [Color], [DisciplineId]) VALUES (123, N'107', N'126', N'Viết 1', N'#F8E3A9', 30)
INSERT [dbo].[Keyword] ([Id], [Keyword1], [CourseId], [SubjectName], [Color], [DisciplineId]) VALUES (124, N'108', N'130', N'Nghe 1', N'#BC9AAD', 30)
INSERT [dbo].[Keyword] ([Id], [Keyword1], [CourseId], [SubjectName], [Color], [DisciplineId]) VALUES (125, N'109', N'134', N'Nói 1', N'#F1C7B4', 30)
INSERT [dbo].[Keyword] ([Id], [Keyword1], [CourseId], [SubjectName], [Color], [DisciplineId]) VALUES (126, N'116', N'1067', N'Reading - Level 1', N'#EEE8F7', 30)
INSERT [dbo].[Keyword] ([Id], [Keyword1], [CourseId], [SubjectName], [Color], [DisciplineId]) VALUES (127, N'117', N'1068', N'Writing - Level 1', N'#D4D7CC', 30)
INSERT [dbo].[Keyword] ([Id], [Keyword1], [CourseId], [SubjectName], [Color], [DisciplineId]) VALUES (128, N'118', N'1069', N'Listening - Level 1', N'#E6CFA4', 30)
INSERT [dbo].[Keyword] ([Id], [Keyword1], [CourseId], [SubjectName], [Color], [DisciplineId]) VALUES (129, N'119', N'1070', N'Speaking - Level 1', N'#AFD9EF', 30)
INSERT [dbo].[Keyword] ([Id], [Keyword1], [CourseId], [SubjectName], [Color], [DisciplineId]) VALUES (130, N'126', N'1232', N'Reading - Level 1 (International School)', N'#92FEBF', 30)
INSERT [dbo].[Keyword] ([Id], [Keyword1], [CourseId], [SubjectName], [Color], [DisciplineId]) VALUES (131, N'127', N'1233', N'Writing - Level 1 (International School)', N'#DE9BD5', 30)
INSERT [dbo].[Keyword] ([Id], [Keyword1], [CourseId], [SubjectName], [Color], [DisciplineId]) VALUES (132, N'128', N'1234', N'Listening - Level 1 (International School)', N'#C8F1AA', 30)
INSERT [dbo].[Keyword] ([Id], [Keyword1], [CourseId], [SubjectName], [Color], [DisciplineId]) VALUES (133, N'129', N'1235', N'Speaking - Level 1 (International School)', N'#D289D5', 30)
INSERT [dbo].[Keyword] ([Id], [Keyword1], [CourseId], [SubjectName], [Color], [DisciplineId]) VALUES (134, N'135', N'1292', N'Anh Văn Cho Y và Sinh', N'#96F5A7', 30)
INSERT [dbo].[Keyword] ([Id], [Keyword1], [CourseId], [SubjectName], [Color], [DisciplineId]) VALUES (135, N'166', N'1071', N'Reading - Level 2', N'#DCA3D5', 30)
INSERT [dbo].[Keyword] ([Id], [Keyword1], [CourseId], [SubjectName], [Color], [DisciplineId]) VALUES (136, N'167', N'1072', N'Writing - Level 2', N'#B4F285', 30)
INSERT [dbo].[Keyword] ([Id], [Keyword1], [CourseId], [SubjectName], [Color], [DisciplineId]) VALUES (137, N'168', N'1073', N'Listening - Level 2', N'#DCE091', 30)
INSERT [dbo].[Keyword] ([Id], [Keyword1], [CourseId], [SubjectName], [Color], [DisciplineId]) VALUES (138, N'169', N'1074', N'Speaking - Level 2', N'#C5B299', 30)
INSERT [dbo].[Keyword] ([Id], [Keyword1], [CourseId], [SubjectName], [Color], [DisciplineId]) VALUES (139, N'204', N'139', N'Ngữ Pháp Anh Văn Nâng Cao', N'#FC8689', 30)
INSERT [dbo].[Keyword] ([Id], [Keyword1], [CourseId], [SubjectName], [Color], [DisciplineId]) VALUES (140, N'206', N'123', N'Đọc 2', N'#BCCDB4', 30)
INSERT [dbo].[Keyword] ([Id], [Keyword1], [CourseId], [SubjectName], [Color], [DisciplineId]) VALUES (141, N'207', N'127', N'Viết 2', N'#DC97D2', 30)
INSERT [dbo].[Keyword] ([Id], [Keyword1], [CourseId], [SubjectName], [Color], [DisciplineId]) VALUES (142, N'208', N'131', N'Nghe 2', N'#ED8AEB', 30)
INSERT [dbo].[Keyword] ([Id], [Keyword1], [CourseId], [SubjectName], [Color], [DisciplineId]) VALUES (143, N'209', N'135', N'Nói 2', N'#94E99E', 30)
INSERT [dbo].[Keyword] ([Id], [Keyword1], [CourseId], [SubjectName], [Color], [DisciplineId]) VALUES (144, N'216', N'1075', N'Reading - Level 3', N'#BD9CB8', 30)
INSERT [dbo].[Keyword] ([Id], [Keyword1], [CourseId], [SubjectName], [Color], [DisciplineId]) VALUES (145, N'217', N'1076', N'Writing - Level 3', N'#8CA7CE', 30)
INSERT [dbo].[Keyword] ([Id], [Keyword1], [CourseId], [SubjectName], [Color], [DisciplineId]) VALUES (146, N'218', N'1077', N'Listening - Level 3', N'#8CF3AB', 30)
INSERT [dbo].[Keyword] ([Id], [Keyword1], [CourseId], [SubjectName], [Color], [DisciplineId]) VALUES (147, N'219', N'1078', N'Speaking - Level 3', N'#B3CCD3', 30)
INSERT [dbo].[Keyword] ([Id], [Keyword1], [CourseId], [SubjectName], [Color], [DisciplineId]) VALUES (148, N'226', N'1236', N'Reading - Level 2 (International School)', N'#A9FD9D', 30)
INSERT [dbo].[Keyword] ([Id], [Keyword1], [CourseId], [SubjectName], [Color], [DisciplineId]) VALUES (149, N'227', N'1237', N'Writing - Level 2 (International School)', N'#A0CDA8', 30)
INSERT [dbo].[Keyword] ([Id], [Keyword1], [CourseId], [SubjectName], [Color], [DisciplineId]) VALUES (150, N'228', N'1238', N'Listening - Level 2 (International School)', N'#83F7B5', 30)
INSERT [dbo].[Keyword] ([Id], [Keyword1], [CourseId], [SubjectName], [Color], [DisciplineId]) VALUES (151, N'229', N'1239', N'Speaking - Level 2 (International School)', N'#B6E79F', 30)
INSERT [dbo].[Keyword] ([Id], [Keyword1], [CourseId], [SubjectName], [Color], [DisciplineId]) VALUES (152, N'266', N'1079', N'Reading - Level 4', N'#9E87D1', 30)
INSERT [dbo].[Keyword] ([Id], [Keyword1], [CourseId], [SubjectName], [Color], [DisciplineId]) VALUES (153, N'267', N'1080', N'Writing - Level 4', N'#90A6BC', 30)
INSERT [dbo].[Keyword] ([Id], [Keyword1], [CourseId], [SubjectName], [Color], [DisciplineId]) VALUES (154, N'268', N'1081', N'Listening - Level 4', N'#B4E1E8', 30)
INSERT [dbo].[Keyword] ([Id], [Keyword1], [CourseId], [SubjectName], [Color], [DisciplineId]) VALUES (155, N'269', N'1082', N'Speaking - Level 4', N'#B387CF', 30)
INSERT [dbo].[Keyword] ([Id], [Keyword1], [CourseId], [SubjectName], [Color], [DisciplineId]) VALUES (156, N'296', N'1015', N'Tranh Tài Giải Pháp PBL', N'#A3F6B6', 30)
INSERT [dbo].[Keyword] ([Id], [Keyword1], [CourseId], [SubjectName], [Color], [DisciplineId]) VALUES (157, N'306', N'124', N'Đọc 3', N'#90C885', 30)
INSERT [dbo].[Keyword] ([Id], [Keyword1], [CourseId], [SubjectName], [Color], [DisciplineId]) VALUES (158, N'307', N'128', N'Viết 3', N'#C8CCE0', 30)
INSERT [dbo].[Keyword] ([Id], [Keyword1], [CourseId], [SubjectName], [Color], [DisciplineId]) VALUES (159, N'309', N'136', N'Nói 3', N'#AAD9E5', 30)
INSERT [dbo].[Keyword] ([Id], [Keyword1], [CourseId], [SubjectName], [Color], [DisciplineId]) VALUES (160, N'319', N'140', N'Ngữ Âm - Âm Vị Học', N'#92F6C4', 30)
INSERT [dbo].[Keyword] ([Id], [Keyword1], [CourseId], [SubjectName], [Color], [DisciplineId]) VALUES (161, N'335', N'1280', N'Anh Văn Chuyên Ngành Kiến Trúc', N'#97EAE3', 30)
INSERT [dbo].[Keyword] ([Id], [Keyword1], [CourseId], [SubjectName], [Color], [DisciplineId]) VALUES (162, N'357', N'129', N'Viết 4', N'#C3FEF9', 30)
INSERT [dbo].[Keyword] ([Id], [Keyword1], [CourseId], [SubjectName], [Color], [DisciplineId]) VALUES (163, N'359', N'137', N'Nói 4', N'#EDB7C7', 30)
INSERT [dbo].[Keyword] ([Id], [Keyword1], [CourseId], [SubjectName], [Color], [DisciplineId]) VALUES (164, N'369', N'1086', N'Speaking - Level 5', N'#FDD5BC', 30)
INSERT [dbo].[Keyword] ([Id], [Keyword1], [CourseId], [SubjectName], [Color], [DisciplineId]) VALUES (165, N'383', N'296', N'Anh Văn Lễ Tân', N'#DCD0F9', 30)
INSERT [dbo].[Keyword] ([Id], [Keyword1], [CourseId], [SubjectName], [Color], [DisciplineId]) VALUES (166, N'422', N'731', N'Dịch Thuật Văn Chương', N'#9DCF87', 30)
INSERT [dbo].[Keyword] ([Id], [Keyword1], [CourseId], [SubjectName], [Color], [DisciplineId]) VALUES (167, N'427', N'293', N'Thời Sự Trong Nước - Việt-Anh', N'#83C4E7', 30)
INSERT [dbo].[Keyword] ([Id], [Keyword1], [CourseId], [SubjectName], [Color], [DisciplineId]) VALUES (168, N'430', N'295', N'Dịch Hội Nghị', N'#FA93C3', 30)
INSERT [dbo].[Keyword] ([Id], [Keyword1], [CourseId], [SubjectName], [Color], [DisciplineId]) VALUES (169, N'432', N'297', N'Anh Văn Thư Tín Thương Mại', N'#E192C3', 30)
INSERT [dbo].[Keyword] ([Id], [Keyword1], [CourseId], [SubjectName], [Color], [DisciplineId]) VALUES (170, N'434', N'298', N'Anh Văn Đàm Phán', N'#90C8A9', 30)
INSERT [dbo].[Keyword] ([Id], [Keyword1], [CourseId], [SubjectName], [Color], [DisciplineId]) VALUES (171, N'205', N'43', N'Sức Khỏe Môi Trường', N'#FAD4E7', 31)
INSERT [dbo].[Keyword] ([Id], [Keyword1], [CourseId], [SubjectName], [Color], [DisciplineId]) VALUES (172, N'404', N'1187', N'Quản Lý Môi Trường Nông Nghiệp & Nông Thôn', N'#8D8C8D', 31)
INSERT [dbo].[Keyword] ([Id], [Keyword1], [CourseId], [SubjectName], [Color], [DisciplineId]) VALUES (173, N'406', N'1104', N'Quản Lý Tài Nguyên Đất', N'#80F287', 31)
INSERT [dbo].[Keyword] ([Id], [Keyword1], [CourseId], [SubjectName], [Color], [DisciplineId]) VALUES (174, N'354', N'2217', N'Quản Trị Dịch Vụ Giải Trí & Thư Giãn', N'#B48BBC', 32)
INSERT [dbo].[Keyword] ([Id], [Keyword1], [CourseId], [SubjectName], [Color], [DisciplineId]) VALUES (175, N'362', N'2224', N'Quản Trị Sự Kiện Thể Thao', N'#FFD88F', 32)
INSERT [dbo].[Keyword] ([Id], [Keyword1], [CourseId], [SubjectName], [Color], [DisciplineId]) VALUES (176, N'301', N'327', N'Quản Trị Tài Chính 1', N'#B9A094', 33)
INSERT [dbo].[Keyword] ([Id], [Keyword1], [CourseId], [SubjectName], [Color], [DisciplineId]) VALUES (177, N'302', N'331', N'Quản Trị Tài Chính 2', N'#C3CEA1', 33)
INSERT [dbo].[Keyword] ([Id], [Keyword1], [CourseId], [SubjectName], [Color], [DisciplineId]) VALUES (178, N'383', N'1419', N'Thị Trường Chứng Khoán', N'#8BA3C0', 33)
INSERT [dbo].[Keyword] ([Id], [Keyword1], [CourseId], [SubjectName], [Color], [DisciplineId]) VALUES (179, N'401', N'366', N'Các Tổ Chức Tài Chính', N'#CFDF82', 33)
INSERT [dbo].[Keyword] ([Id], [Keyword1], [CourseId], [SubjectName], [Color], [DisciplineId]) VALUES (180, N'403', N'339', N'Tài Chính Chứng Khoán', N'#EABBB0', 33)
INSERT [dbo].[Keyword] ([Id], [Keyword1], [CourseId], [SubjectName], [Color], [DisciplineId]) VALUES (181, N'413', N'481', N'Quản Trị Tài Chính Khách Sạn', N'#E3D9ED', 33)
INSERT [dbo].[Keyword] ([Id], [Keyword1], [CourseId], [SubjectName], [Color], [DisciplineId]) VALUES (182, N'424', N'1420', N'Tài Chính Vi Mô', N'#B1FE8C', 33)
INSERT [dbo].[Keyword] ([Id], [Keyword1], [CourseId], [SubjectName], [Color], [DisciplineId]) VALUES (183, N'442', N'211', N'Lập Dự Án Đầu Tư Xây Dựng', N'#D091A4', 33)
INSERT [dbo].[Keyword] ([Id], [Keyword1], [CourseId], [SubjectName], [Color], [DisciplineId]) VALUES (184, N'445', N'2207', N'Đầu Tư & Tài Trợ Bất Động Sản', N'#D1FCCB', 33)
INSERT [dbo].[Keyword] ([Id], [Keyword1], [CourseId], [SubjectName], [Color], [DisciplineId]) VALUES (185, N'414', N'889', N'Tổ Chức Công Tác Kế Toán', N'#B1D1A1', 34)
INSERT [dbo].[Keyword] ([Id], [Keyword1], [CourseId], [SubjectName], [Color], [DisciplineId]) VALUES (186, N'221', N'41', N'Lịch Sử Văn Minh Thế Giới 1', N'#F281F3', 35)
INSERT [dbo].[Keyword] ([Id], [Keyword1], [CourseId], [SubjectName], [Color], [DisciplineId]) VALUES (187, N'222', N'42', N'Lịch Sử Văn Minh Thế Giới 2', N'#F1C8AD', 35)
INSERT [dbo].[Keyword] ([Id], [Keyword1], [CourseId], [SubjectName], [Color], [DisciplineId]) VALUES (188, N'362', N'1860', N'Lịch Sử Đảng Cộng Sản Việt Nam', N'#B88CF2', 35)
INSERT [dbo].[Keyword] ([Id], [Keyword1], [CourseId], [SubjectName], [Color], [DisciplineId]) VALUES (189, N'151', N'300', N'Tổng Quan Ngành Lưu Trú', N'#EC948C', 36)
INSERT [dbo].[Keyword] ([Id], [Keyword1], [CourseId], [SubjectName], [Color], [DisciplineId]) VALUES (190, N'361', N'470', N'Giới Thiệu Nghiệp Vụ Nhà Hàng', N'#AECEC0', 36)
INSERT [dbo].[Keyword] ([Id], [Keyword1], [CourseId], [SubjectName], [Color], [DisciplineId]) VALUES (191, N'364', N'472', N'Nghiệp Vụ Bàn', N'#9FE996', 36)
INSERT [dbo].[Keyword] ([Id], [Keyword1], [CourseId], [SubjectName], [Color], [DisciplineId]) VALUES (192, N'401', N'473', N'Quản Trị Nhà Hàng', N'#A996A7', 36)
INSERT [dbo].[Keyword] ([Id], [Keyword1], [CourseId], [SubjectName], [Color], [DisciplineId]) VALUES (193, N'403', N'479', N'Quản Trị Cơ Sở Vật Chất Khách Sạn', N'#CDD9FB', 36)
INSERT [dbo].[Keyword] ([Id], [Keyword1], [CourseId], [SubjectName], [Color], [DisciplineId]) VALUES (194, N'301', N'326', N'Quản Trị Nhân Lực', N'#EFB1BC', 37)
INSERT [dbo].[Keyword] ([Id], [Keyword1], [CourseId], [SubjectName], [Color], [DisciplineId]) VALUES (195, N'303', N'305', N'Quản Trị Nhân Lực Trong Du Lịch', N'#9D85B5', 37)
INSERT [dbo].[Keyword] ([Id], [Keyword1], [CourseId], [SubjectName], [Color], [DisciplineId]) VALUES (196, N'403', N'1953', N'Quản Trị Chiến Lược Nguồn Nhân Lực', N'#9EBDBA', 37)
INSERT [dbo].[Keyword] ([Id], [Keyword1], [CourseId], [SubjectName], [Color], [DisciplineId]) VALUES (197, N'404', N'1950', N'Đào Tạo & Phát Triển Nhân Lực', N'#DCD2DF', 37)
INSERT [dbo].[Keyword] ([Id], [Keyword1], [CourseId], [SubjectName], [Color], [DisciplineId]) VALUES (198, N'351', N'340', N'Thương Mại Quốc Tế', N'#F1ECFF', 38)
INSERT [dbo].[Keyword] ([Id], [Keyword1], [CourseId], [SubjectName], [Color], [DisciplineId]) VALUES (199, N'301', N'1733', N'Thiết Kế Logo', N'#D4E3CA', 39)
INSERT [dbo].[Keyword] ([Id], [Keyword1], [CourseId], [SubjectName], [Color], [DisciplineId]) VALUES (200, N'354', N'1734', N'Thiết Kế Sách', N'#E2AAEF', 39)
GO
INSERT [dbo].[Keyword] ([Id], [Keyword1], [CourseId], [SubjectName], [Color], [DisciplineId]) VALUES (201, N'434', N'1120', N'Thiết Kế Bao Bì', N'#BABE94', 39)
INSERT [dbo].[Keyword] ([Id], [Keyword1], [CourseId], [SubjectName], [Color], [DisciplineId]) VALUES (202, N'422', N'443', N'Quan Hệ Quốc Tế Âu - Mỹ', N'#AF928B', 40)
INSERT [dbo].[Keyword] ([Id], [Keyword1], [CourseId], [SubjectName], [Color], [DisciplineId]) VALUES (203, N'434', N'447', N'Kỹ Năng Đàm Phán Quốc Tế', N'#B0FB80', 40)
INSERT [dbo].[Keyword] ([Id], [Keyword1], [CourseId], [SubjectName], [Color], [DisciplineId]) VALUES (204, N'251', N'323', N'Hệ Thống Thông Tin Quản Lý', N'#94B185', 41)
INSERT [dbo].[Keyword] ([Id], [Keyword1], [CourseId], [SubjectName], [Color], [DisciplineId]) VALUES (205, N'253', N'1002', N'Hệ Thống Thông Tin Du Lịch', N'#8F8A80', 41)
INSERT [dbo].[Keyword] ([Id], [Keyword1], [CourseId], [SubjectName], [Color], [DisciplineId]) VALUES (206, N'301', N'60', N'Cơ Sở Dữ Liệu', N'#86B284', 41)
INSERT [dbo].[Keyword] ([Id], [Keyword1], [CourseId], [SubjectName], [Color], [DisciplineId]) VALUES (207, N'381', N'354', N'Thương Mại Điện Tử', N'#BBEF8A', 41)
INSERT [dbo].[Keyword] ([Id], [Keyword1], [CourseId], [SubjectName], [Color], [DisciplineId]) VALUES (208, N'385', N'2316', N'Kỹ Thuật Thương Mại Điện Tử', N'#EDC2E9', 41)
INSERT [dbo].[Keyword] ([Id], [Keyword1], [CourseId], [SubjectName], [Color], [DisciplineId]) VALUES (209, N'401', N'98', N'Hệ Quản Trị Cơ Sở Dữ Liệu', N'#F9DE8B', 41)
INSERT [dbo].[Keyword] ([Id], [Keyword1], [CourseId], [SubjectName], [Color], [DisciplineId]) VALUES (210, N'402', N'631', N'Hệ Hỗ Trợ Ra Quyết Định', N'#C59DE5', 41)
INSERT [dbo].[Keyword] ([Id], [Keyword1], [CourseId], [SubjectName], [Color], [DisciplineId]) VALUES (211, N'136', N'2325', N'English for International School - Level 1', N'#929AFF', 42)
INSERT [dbo].[Keyword] ([Id], [Keyword1], [CourseId], [SubjectName], [Color], [DisciplineId]) VALUES (212, N'186', N'2327', N'English for International School - Level 3', N'#A9C3E0', 42)
INSERT [dbo].[Keyword] ([Id], [Keyword1], [CourseId], [SubjectName], [Color], [DisciplineId]) VALUES (213, N'187', N'2328', N'English for International School - Level 4', N'#FF8AFE', 42)
INSERT [dbo].[Keyword] ([Id], [Keyword1], [CourseId], [SubjectName], [Color], [DisciplineId]) VALUES (214, N'236', N'2329', N'English for International School - Level 5', N'#F6E8C1', 42)
INSERT [dbo].[Keyword] ([Id], [Keyword1], [CourseId], [SubjectName], [Color], [DisciplineId]) VALUES (215, N'101', N'5', N'Nhật Ngữ Sơ Cấp 1', N'#C1F98F', 43)
INSERT [dbo].[Keyword] ([Id], [Keyword1], [CourseId], [SubjectName], [Color], [DisciplineId]) VALUES (216, N'201', N'11', N'Nhật Ngữ Trung Cấp 1', N'#83EDE4', 43)
INSERT [dbo].[Keyword] ([Id], [Keyword1], [CourseId], [SubjectName], [Color], [DisciplineId]) VALUES (217, N'202', N'14', N'Nhật Ngữ Trung Cấp 2', N'#CDF788', 43)
INSERT [dbo].[Keyword] ([Id], [Keyword1], [CourseId], [SubjectName], [Color], [DisciplineId]) VALUES (218, N'302', N'20', N'Nhật Ngữ Cao Cấp 2', N'#87AAF1', 43)
INSERT [dbo].[Keyword] ([Id], [Keyword1], [CourseId], [SubjectName], [Color], [DisciplineId]) VALUES (219, N'102', N'1914', N'Hàn Ngữ Sơ Cấp 2', N'#96A6CE', 44)
INSERT [dbo].[Keyword] ([Id], [Keyword1], [CourseId], [SubjectName], [Color], [DisciplineId]) VALUES (220, N'107', N'2082', N'Viết 1', N'#DDA4E9', 44)
INSERT [dbo].[Keyword] ([Id], [Keyword1], [CourseId], [SubjectName], [Color], [DisciplineId]) VALUES (221, N'302', N'1918', N'Hàn Ngữ Cao Cấp 2', N'#A2D996', 44)
INSERT [dbo].[Keyword] ([Id], [Keyword1], [CourseId], [SubjectName], [Color], [DisciplineId]) VALUES (222, N'371', N'2086', N'Biên Dịch 1 (Tiếng Hàn)', N'#F3F0AB', 44)
INSERT [dbo].[Keyword] ([Id], [Keyword1], [CourseId], [SubjectName], [Color], [DisciplineId]) VALUES (223, N'372', N'2087', N'Phiên Dịch 1 (Tiếng Hàn)', N'#A49E8B', 44)
INSERT [dbo].[Keyword] ([Id], [Keyword1], [CourseId], [SubjectName], [Color], [DisciplineId]) VALUES (224, N'396', N'2068', N'Tranh tài giải pháp PBL', N'#BE9883', 44)
INSERT [dbo].[Keyword] ([Id], [Keyword1], [CourseId], [SubjectName], [Color], [DisciplineId]) VALUES (225, N'417', N'2628', N'Luyện Thi Năng Lực Tiếng Hàn 1 (Đọc - Viết)', N'#86F582', 44)
INSERT [dbo].[Keyword] ([Id], [Keyword1], [CourseId], [SubjectName], [Color], [DisciplineId]) VALUES (226, N'423', N'2092', N'Tiếng Hàn trong Nhà Hàng Khách Sạn', N'#E0C9D6', 44)
INSERT [dbo].[Keyword] ([Id], [Keyword1], [CourseId], [SubjectName], [Color], [DisciplineId]) VALUES (227, N'201', N'39', N'Pháp Luật Đại Cương', N'#8B85F2', 45)
INSERT [dbo].[Keyword] ([Id], [Keyword1], [CourseId], [SubjectName], [Color], [DisciplineId]) VALUES (228, N'230', N'1254', N'Luật Hành Chính', N'#9CB487', 45)
INSERT [dbo].[Keyword] ([Id], [Keyword1], [CourseId], [SubjectName], [Color], [DisciplineId]) VALUES (229, N'261', N'1248', N'Xây Dựng Văn Bản Pháp Luật', N'#99D4B9', 45)
INSERT [dbo].[Keyword] ([Id], [Keyword1], [CourseId], [SubjectName], [Color], [DisciplineId]) VALUES (230, N'308', N'1271', N'Luật Dân Sự 2', N'#8D9AD1', 45)
INSERT [dbo].[Keyword] ([Id], [Keyword1], [CourseId], [SubjectName], [Color], [DisciplineId]) VALUES (231, N'323', N'1260', N'Công Pháp Quốc Tế', N'#8597B9', 45)
INSERT [dbo].[Keyword] ([Id], [Keyword1], [CourseId], [SubjectName], [Color], [DisciplineId]) VALUES (232, N'326', N'1724', N'Luật Tố Tụng Hành Chính', N'#849FAF', 45)
INSERT [dbo].[Keyword] ([Id], [Keyword1], [CourseId], [SubjectName], [Color], [DisciplineId]) VALUES (233, N'369', N'1602', N'Luật Môi Trường', N'#8B96B9', 45)
INSERT [dbo].[Keyword] ([Id], [Keyword1], [CourseId], [SubjectName], [Color], [DisciplineId]) VALUES (234, N'376', N'1266', N'Luật Sở Hữu Trí Tuệ', N'#A1C2E3', 45)
INSERT [dbo].[Keyword] ([Id], [Keyword1], [CourseId], [SubjectName], [Color], [DisciplineId]) VALUES (235, N'403', N'328', N'Cơ Sở Luật Kinh Tế', N'#A9F5C1', 45)
INSERT [dbo].[Keyword] ([Id], [Keyword1], [CourseId], [SubjectName], [Color], [DisciplineId]) VALUES (236, N'413', N'434', N'Pháp Luật Du Lịch (Việt Nam)', N'#ADC4E6', 45)
INSERT [dbo].[Keyword] ([Id], [Keyword1], [CourseId], [SubjectName], [Color], [DisciplineId]) VALUES (237, N'425', N'1594', N'Luật Chứng Khoán', N'#95DAD8', 45)
INSERT [dbo].[Keyword] ([Id], [Keyword1], [CourseId], [SubjectName], [Color], [DisciplineId]) VALUES (238, N'427', N'1595', N'Luật Ngân Hàng', N'#9CB290', 45)
INSERT [dbo].[Keyword] ([Id], [Keyword1], [CourseId], [SubjectName], [Color], [DisciplineId]) VALUES (239, N'476', N'1272', N'Luật Thương Mại Quốc tế', N'#82BD99', 45)
INSERT [dbo].[Keyword] ([Id], [Keyword1], [CourseId], [SubjectName], [Color], [DisciplineId]) VALUES (240, N'316', N'143', N'Cú Pháp Học (trong tiếng Anh)', N'#F69E83', 46)
INSERT [dbo].[Keyword] ([Id], [Keyword1], [CourseId], [SubjectName], [Color], [DisciplineId]) VALUES (241, N'422', N'144', N'Ngữ Nghĩa Học (trong tiếng Anh)', N'#BBC1A0', 46)
INSERT [dbo].[Keyword] ([Id], [Keyword1], [CourseId], [SubjectName], [Color], [DisciplineId]) VALUES (242, N'376', N'148', N'Văn Học Anh', N'#EBC9E3', 47)
INSERT [dbo].[Keyword] ([Id], [Keyword1], [CourseId], [SubjectName], [Color], [DisciplineId]) VALUES (243, N'378', N'149', N'Văn Học Mỹ', N'#E4E0E9', 47)
INSERT [dbo].[Keyword] ([Id], [Keyword1], [CourseId], [SubjectName], [Color], [DisciplineId]) VALUES (244, N'111', N'2106', N'Vẽ Kỹ Thuật Cơ Khí', N'#BDE2A6', 48)
INSERT [dbo].[Keyword] ([Id], [Keyword1], [CourseId], [SubjectName], [Color], [DisciplineId]) VALUES (245, N'201', N'154', N'Cơ Lý Thuyết 1', N'#E5958F', 48)
INSERT [dbo].[Keyword] ([Id], [Keyword1], [CourseId], [SubjectName], [Color], [DisciplineId]) VALUES (246, N'202', N'221', N'Cơ Lý Thuyết 2', N'#B696F9', 48)
INSERT [dbo].[Keyword] ([Id], [Keyword1], [CourseId], [SubjectName], [Color], [DisciplineId]) VALUES (247, N'205', N'2111', N'Nguyên Lý Máy', N'#FCF48D', 48)
INSERT [dbo].[Keyword] ([Id], [Keyword1], [CourseId], [SubjectName], [Color], [DisciplineId]) VALUES (248, N'210', N'2110', N'Sức Bền Vật Liệu', N'#BEFBA3', 48)
INSERT [dbo].[Keyword] ([Id], [Keyword1], [CourseId], [SubjectName], [Color], [DisciplineId]) VALUES (249, N'213', N'2478', N'Các Kỹ Năng Sơ Cấp Cứu', N'#85E49C', 49)
INSERT [dbo].[Keyword] ([Id], [Keyword1], [CourseId], [SubjectName], [Color], [DisciplineId]) VALUES (250, N'268', N'914', N'Y Đức', N'#93AEDF', 49)
INSERT [dbo].[Keyword] ([Id], [Keyword1], [CourseId], [SubjectName], [Color], [DisciplineId]) VALUES (251, N'362', N'573', N'Y Học Cổ Truyền', N'#AB89BD', 49)
INSERT [dbo].[Keyword] ([Id], [Keyword1], [CourseId], [SubjectName], [Color], [DisciplineId]) VALUES (252, N'661', N'1351', N'Y Học Gia Đình', N'#D984DE', 49)
INSERT [dbo].[Keyword] ([Id], [Keyword1], [CourseId], [SubjectName], [Color], [DisciplineId]) VALUES (253, N'705', N'1358', N'Pháp Y', N'#B8DCCA', 49)
INSERT [dbo].[Keyword] ([Id], [Keyword1], [CourseId], [SubjectName], [Color], [DisciplineId]) VALUES (254, N'709', N'1357', N'Y Học Thảm Họa', N'#87C7A1', 49)
INSERT [dbo].[Keyword] ([Id], [Keyword1], [CourseId], [SubjectName], [Color], [DisciplineId]) VALUES (255, N'301', N'316', N'Quản Trị Hoạt Động & Sản Xuất', N'#E5E38F', 50)
INSERT [dbo].[Keyword] ([Id], [Keyword1], [CourseId], [SubjectName], [Color], [DisciplineId]) VALUES (256, N'403', N'317', N'Các Mô Hình Ra Quyết Định', N'#93CF9D', 50)
INSERT [dbo].[Keyword] ([Id], [Keyword1], [CourseId], [SubjectName], [Color], [DisciplineId]) VALUES (257, N'201', N'318', N'Quản Trị Học', N'#F4B596', 51)
INSERT [dbo].[Keyword] ([Id], [Keyword1], [CourseId], [SubjectName], [Color], [DisciplineId]) VALUES (258, N'296', N'985', N'Tranh Tài Giải Pháp PBL', N'#AECF99', 51)
INSERT [dbo].[Keyword] ([Id], [Keyword1], [CourseId], [SubjectName], [Color], [DisciplineId]) VALUES (259, N'371', N'343', N'Quản Trị Chất Lượng & Rủi Ro', N'#F7E7D1', 51)
INSERT [dbo].[Keyword] ([Id], [Keyword1], [CourseId], [SubjectName], [Color], [DisciplineId]) VALUES (260, N'374', N'344', N'Quản Trị Hành Chính Văn Phòng', N'#93969A', 51)
INSERT [dbo].[Keyword] ([Id], [Keyword1], [CourseId], [SubjectName], [Color], [DisciplineId]) VALUES (261, N'402', N'341', N'Quản Trị Dự Án Đầu Tư', N'#CCB384', 51)
INSERT [dbo].[Keyword] ([Id], [Keyword1], [CourseId], [SubjectName], [Color], [DisciplineId]) VALUES (262, N'403', N'319', N'Quản Trị Chiến Lược', N'#B58BA3', 51)
INSERT [dbo].[Keyword] ([Id], [Keyword1], [CourseId], [SubjectName], [Color], [DisciplineId]) VALUES (263, N'406', N'342', N'Khởi Sự Doanh Nghiệp', N'#9EC4AB', 51)
INSERT [dbo].[Keyword] ([Id], [Keyword1], [CourseId], [SubjectName], [Color], [DisciplineId]) VALUES (264, N'251', N'322', N'Tiếp Thị Căn Bản', N'#9EBA8F', 52)
INSERT [dbo].[Keyword] ([Id], [Keyword1], [CourseId], [SubjectName], [Color], [DisciplineId]) VALUES (265, N'253', N'303', N'Tiếp Thị Du Lịch', N'#8BF1C9', 52)
INSERT [dbo].[Keyword] ([Id], [Keyword1], [CourseId], [SubjectName], [Color], [DisciplineId]) VALUES (266, N'359', N'360', N'Tiếp Thị Địa Phương', N'#B983E5', 52)
INSERT [dbo].[Keyword] ([Id], [Keyword1], [CourseId], [SubjectName], [Color], [DisciplineId]) VALUES (267, N'401', N'352', N'Quản Trị Thu Mua', N'#CBABFF', 52)
INSERT [dbo].[Keyword] ([Id], [Keyword1], [CourseId], [SubjectName], [Color], [DisciplineId]) VALUES (268, N'402', N'353', N'Quản Trị Bán Hàng', N'#B3D5C8', 52)
INSERT [dbo].[Keyword] ([Id], [Keyword1], [CourseId], [SubjectName], [Color], [DisciplineId]) VALUES (269, N'404', N'356', N'Hành Vi Tiêu Dùng', N'#AF8490', 52)
INSERT [dbo].[Keyword] ([Id], [Keyword1], [CourseId], [SubjectName], [Color], [DisciplineId]) VALUES (270, N'407', N'1474', N'Quản Trị Bán Lẻ', N'#95B8A1', 52)
INSERT [dbo].[Keyword] ([Id], [Keyword1], [CourseId], [SubjectName], [Color], [DisciplineId]) VALUES (271, N'424', N'304', N'Hành Vi Tiêu Dùng Trong Du Lịch', N'#C589E8', 52)
INSERT [dbo].[Keyword] ([Id], [Keyword1], [CourseId], [SubjectName], [Color], [DisciplineId]) VALUES (272, N'425', N'1969', N'Digital Marketing', N'#93A0CA', 52)
INSERT [dbo].[Keyword] ([Id], [Keyword1], [CourseId], [SubjectName], [Color], [DisciplineId]) VALUES (273, N'400', N'1312', N'Kỹ Thuật & Công Nghệ Y Dược', N'#D3FEAB', 53)
INSERT [dbo].[Keyword] ([Id], [Keyword1], [CourseId], [SubjectName], [Color], [DisciplineId]) VALUES (274, N'406', N'1329', N'Y Học Hạt Nhân', N'#EBBD9A', 53)
INSERT [dbo].[Keyword] ([Id], [Keyword1], [CourseId], [SubjectName], [Color], [DisciplineId]) VALUES (275, N'100', N'24', N'Toán Cao Cấp C', N'#D7BAFC', 54)
INSERT [dbo].[Keyword] ([Id], [Keyword1], [CourseId], [SubjectName], [Color], [DisciplineId]) VALUES (276, N'101', N'25', N'Toán Cao Cấp C1', N'#9CD8EE', 54)
INSERT [dbo].[Keyword] ([Id], [Keyword1], [CourseId], [SubjectName], [Color], [DisciplineId]) VALUES (277, N'102', N'26', N'Toán Cao Cấp C2', N'#BCC39B', 54)
INSERT [dbo].[Keyword] ([Id], [Keyword1], [CourseId], [SubjectName], [Color], [DisciplineId]) VALUES (278, N'103', N'27', N'Toán Cao Cấp A1', N'#9CE685', 54)
INSERT [dbo].[Keyword] ([Id], [Keyword1], [CourseId], [SubjectName], [Color], [DisciplineId]) VALUES (279, N'104', N'28', N'Toán Cao Cấp A2', N'#93EDBA', 54)
INSERT [dbo].[Keyword] ([Id], [Keyword1], [CourseId], [SubjectName], [Color], [DisciplineId]) VALUES (280, N'135', N'1283', N'Toán Giải Tích cho Y-Dược', N'#D294F3', 54)
INSERT [dbo].[Keyword] ([Id], [Keyword1], [CourseId], [SubjectName], [Color], [DisciplineId]) VALUES (281, N'254', N'53', N'Toán Rời Rạc & Ứng Dụng', N'#94EAAE', 54)
INSERT [dbo].[Keyword] ([Id], [Keyword1], [CourseId], [SubjectName], [Color], [DisciplineId]) VALUES (282, N'341', N'1509', N'Toán Ứng Dụng cho Công Nghệ Thông Tin 2', N'#BDB1B6', 54)
INSERT [dbo].[Keyword] ([Id], [Keyword1], [CourseId], [SubjectName], [Color], [DisciplineId]) VALUES (283, N'151', N'536', N'Dinh Dưỡng Học', N'#DAEF8A', 55)
INSERT [dbo].[Keyword] ([Id], [Keyword1], [CourseId], [SubjectName], [Color], [DisciplineId]) VALUES (284, N'431', N'803', N'Thực Phẩm Chức Năng', N'#AEBFDC', 55)
INSERT [dbo].[Keyword] ([Id], [Keyword1], [CourseId], [SubjectName], [Color], [DisciplineId]) VALUES (285, N'306', N'565', N'Điều Dưỡng cho Gia Đình có Người Già 1', N'#E7D189', 56)
INSERT [dbo].[Keyword] ([Id], [Keyword1], [CourseId], [SubjectName], [Color], [DisciplineId]) VALUES (286, N'251', N'325', N'Tổng Quan Hành Vi Tổ Chức', N'#CCECB9', 57)
INSERT [dbo].[Keyword] ([Id], [Keyword1], [CourseId], [SubjectName], [Color], [DisciplineId]) VALUES (287, N'253', N'859', N'Tổng Quan Hành Vi Tổ Chức trong Du Lịch', N'#E69DBC', 57)
INSERT [dbo].[Keyword] ([Id], [Keyword1], [CourseId], [SubjectName], [Color], [DisciplineId]) VALUES (288, N'403', N'348', N'Nghệ Thuật Lãnh Đạo', N'#D4C0E4', 57)
INSERT [dbo].[Keyword] ([Id], [Keyword1], [CourseId], [SubjectName], [Color], [DisciplineId]) VALUES (289, N'251', N'1286', N'Sinh Lý 1', N'#EFD4F5', 58)
INSERT [dbo].[Keyword] ([Id], [Keyword1], [CourseId], [SubjectName], [Color], [DisciplineId]) VALUES (290, N'401', N'788', N'Công Nghệ Sản Xuất Dược Phẩm 1', N'#BEB4C4', 59)
INSERT [dbo].[Keyword] ([Id], [Keyword1], [CourseId], [SubjectName], [Color], [DisciplineId]) VALUES (291, N'100', N'1', N'Phương Pháp Luận (gồm Nghiên Cứu Khoa Học)', N'#C4BBD8', 60)
INSERT [dbo].[Keyword] ([Id], [Keyword1], [CourseId], [SubjectName], [Color], [DisciplineId]) VALUES (292, N'150', N'1857', N'Triết Học Marx - Lenin', N'#C7B298', 60)
INSERT [dbo].[Keyword] ([Id], [Keyword1], [CourseId], [SubjectName], [Color], [DisciplineId]) VALUES (293, N'162', N'45', N'Những Nguyên Lý Cơ Bản của Chủ Nghĩa Marx - Lenin 2', N'#E3A0A6', 60)
INSERT [dbo].[Keyword] ([Id], [Keyword1], [CourseId], [SubjectName], [Color], [DisciplineId]) VALUES (294, N'461', N'1317', N'Phương Pháp Nghiên Cứu Khoa Hoc Trong Y Học', N'#96DDFD', 60)
INSERT [dbo].[Keyword] ([Id], [Keyword1], [CourseId], [SubjectName], [Color], [DisciplineId]) VALUES (295, N'410', N'799', N'Nhóm GP (GDP, GSP, GPP)', N'#CFEABF', 61)
INSERT [dbo].[Keyword] ([Id], [Keyword1], [CourseId], [SubjectName], [Color], [DisciplineId]) VALUES (296, N'101', N'30', N'Vật Lý Đại Cương 1', N'#BAC9E2', 62)
INSERT [dbo].[Keyword] ([Id], [Keyword1], [CourseId], [SubjectName], [Color], [DisciplineId]) VALUES (297, N'102', N'31', N'Vật Lý Đại Cương 2', N'#F78C95', 62)
INSERT [dbo].[Keyword] ([Id], [Keyword1], [CourseId], [SubjectName], [Color], [DisciplineId]) VALUES (298, N'443', N'802', N'Mỹ Phẩm', N'#C8BFC4', 63)
INSERT [dbo].[Keyword] ([Id], [Keyword1], [CourseId], [SubjectName], [Color], [DisciplineId]) VALUES (299, N'492', N'1673', N'Process Control Instrumentation', N'#B1857F', 64)
INSERT [dbo].[Keyword] ([Id], [Keyword1], [CourseId], [SubjectName], [Color], [DisciplineId]) VALUES (300, N'495', N'1684', N'Applications of Industrial Robots for Advanced Manufacturing', N'#BFB08A', 64)
GO
INSERT [dbo].[Keyword] ([Id], [Keyword1], [CourseId], [SubjectName], [Color], [DisciplineId]) VALUES (301, N'151', N'1858', N'Kinh Tế Chính Trị Marx - Lenin', N'#C7A890', 65)
INSERT [dbo].[Keyword] ([Id], [Keyword1], [CourseId], [SubjectName], [Color], [DisciplineId]) VALUES (302, N'351', N'1859', N'Chủ Nghĩa Xã Hội Khoa Học', N'#E2BE84', 65)
INSERT [dbo].[Keyword] ([Id], [Keyword1], [CourseId], [SubjectName], [Color], [DisciplineId]) VALUES (303, N'361', N'47', N'Tư Tưởng Hồ Chí Minh', N'#9795D8', 65)
INSERT [dbo].[Keyword] ([Id], [Keyword1], [CourseId], [SubjectName], [Color], [DisciplineId]) VALUES (304, N'201', N'646', N'Nguyên Lý Kế Toán 1', N'#ECBEA4', 66)
INSERT [dbo].[Keyword] ([Id], [Keyword1], [CourseId], [SubjectName], [Color], [DisciplineId]) VALUES (305, N'202', N'647', N'Nguyên Lý Kế Toán 2', N'#D5E790', 66)
INSERT [dbo].[Keyword] ([Id], [Keyword1], [CourseId], [SubjectName], [Color], [DisciplineId]) VALUES (306, N'301', N'648', N'Kế Toán Quản Trị 1', N'#DB9DFB', 66)
INSERT [dbo].[Keyword] ([Id], [Keyword1], [CourseId], [SubjectName], [Color], [DisciplineId]) VALUES (307, N'306', N'857', N'Kế Toán Quản Trị trong Du Lịch', N'#F5A3AE', 66)
INSERT [dbo].[Keyword] ([Id], [Keyword1], [CourseId], [SubjectName], [Color], [DisciplineId]) VALUES (308, N'384', N'658', N'Nghệ Thuật Đàm Phán', N'#D8E5A1', 67)
INSERT [dbo].[Keyword] ([Id], [Keyword1], [CourseId], [SubjectName], [Color], [DisciplineId]) VALUES (309, N'151', N'641', N'Căn Bản Kinh Tế Vi Mô', N'#A0A0C3', 68)
INSERT [dbo].[Keyword] ([Id], [Keyword1], [CourseId], [SubjectName], [Color], [DisciplineId]) VALUES (310, N'130', N'1094', N'Anh Văn Chuyên Ngành cho Sinh Viên PSU 1', N'#EC89F4', 69)
INSERT [dbo].[Keyword] ([Id], [Keyword1], [CourseId], [SubjectName], [Color], [DisciplineId]) VALUES (311, N'301', N'651', N'Quản Trị Tài Chính 1', N'#8DCB9A', 70)
INSERT [dbo].[Keyword] ([Id], [Keyword1], [CourseId], [SubjectName], [Color], [DisciplineId]) VALUES (312, N'373', N'653', N'Giới Thiệu về Mô Hình Hóa Tài Chính', N'#B0E78D', 70)
INSERT [dbo].[Keyword] ([Id], [Keyword1], [CourseId], [SubjectName], [Color], [DisciplineId]) VALUES (313, N'401', N'659', N'Các Tổ Chức Tài Chính', N'#8FB7A0', 70)
INSERT [dbo].[Keyword] ([Id], [Keyword1], [CourseId], [SubjectName], [Color], [DisciplineId]) VALUES (314, N'413', N'868', N'Quản Trị Tài Chính trong Du Lịch - Dịch Vụ', N'#D78187', 70)
INSERT [dbo].[Keyword] ([Id], [Keyword1], [CourseId], [SubjectName], [Color], [DisciplineId]) VALUES (315, N'374', N'867', N'Nghiệp Vụ Khách Sạn', N'#A9F1D0', 71)
INSERT [dbo].[Keyword] ([Id], [Keyword1], [CourseId], [SubjectName], [Color], [DisciplineId]) VALUES (316, N'402', N'869', N'Quản Trị Khách Sạn', N'#D985F7', 71)
INSERT [dbo].[Keyword] ([Id], [Keyword1], [CourseId], [SubjectName], [Color], [DisciplineId]) VALUES (317, N'201', N'644', N'Quản Trị Học', N'#F9E2FA', 72)
INSERT [dbo].[Keyword] ([Id], [Keyword1], [CourseId], [SubjectName], [Color], [DisciplineId]) VALUES (318, N'403', N'645', N'Quản Trị Chiến Lược', N'#80FA9C', 72)
INSERT [dbo].[Keyword] ([Id], [Keyword1], [CourseId], [SubjectName], [Color], [DisciplineId]) VALUES (319, N'403', N'657', N'Nghệ Thuật Lãnh Đạo', N'#81A2CD', 73)
INSERT [dbo].[Keyword] ([Id], [Keyword1], [CourseId], [SubjectName], [Color], [DisciplineId]) VALUES (320, N'442', N'1911', N'Programming in Recreation Services and Tourism', N'#84C086', 74)
INSERT [dbo].[Keyword] ([Id], [Keyword1], [CourseId], [SubjectName], [Color], [DisciplineId]) VALUES (321, N'111', N'1113', N'Nguyên Lý Thị Giác', N'#9FF5BC', 75)
INSERT [dbo].[Keyword] ([Id], [Keyword1], [CourseId], [SubjectName], [Color], [DisciplineId]) VALUES (322, N'151', N'391', N'Đại Cương Tâm Lý Học', N'#F8F0E2', 75)
INSERT [dbo].[Keyword] ([Id], [Keyword1], [CourseId], [SubjectName], [Color], [DisciplineId]) VALUES (323, N'615', N'1378', N'Bệnh Nghề Nghiệp', N'#95AA87', 76)
INSERT [dbo].[Keyword] ([Id], [Keyword1], [CourseId], [SubjectName], [Color], [DisciplineId]) VALUES (324, N'400', N'575', N'Phục Hồi Chức Năng', N'#DAF380', 77)
INSERT [dbo].[Keyword] ([Id], [Keyword1], [CourseId], [SubjectName], [Color], [DisciplineId]) VALUES (325, N'400', N'897', N'Quản Trị Kênh Phân Phối', N'#C8B1EC', 78)
INSERT [dbo].[Keyword] ([Id], [Keyword1], [CourseId], [SubjectName], [Color], [DisciplineId]) VALUES (326, N'402', N'2037', N'Logistics and Project Management', N'#F6A3DD', 78)
INSERT [dbo].[Keyword] ([Id], [Keyword1], [CourseId], [SubjectName], [Color], [DisciplineId]) VALUES (327, N'405', N'2038', N'Smart Factory & Operations Management', N'#BDE9D1', 78)
INSERT [dbo].[Keyword] ([Id], [Keyword1], [CourseId], [SubjectName], [Color], [DisciplineId]) VALUES (328, N'347', N'1966', N'Đồ Án CDIO', N'#8CB5BA', 79)
INSERT [dbo].[Keyword] ([Id], [Keyword1], [CourseId], [SubjectName], [Color], [DisciplineId]) VALUES (329, N'397', N'1967', N'Đồ Án CDIO', N'#E0A1DE', 79)
INSERT [dbo].[Keyword] ([Id], [Keyword1], [CourseId], [SubjectName], [Color], [DisciplineId]) VALUES (330, N'445', N'908', N'Tích Hợp Hệ Thống', N'#B096A4', 79)
INSERT [dbo].[Keyword] ([Id], [Keyword1], [CourseId], [SubjectName], [Color], [DisciplineId]) VALUES (331, N'447', N'1968', N'Đồ Án CDIO', N'#F4BDA2', 79)
INSERT [dbo].[Keyword] ([Id], [Keyword1], [CourseId], [SubjectName], [Color], [DisciplineId]) VALUES (332, N'323', N'545', N'Dân Số Học - Kế Hoạch Hóa Gia Đình - Sức Khỏe Gia Đình', N'#90C3E5', 80)
INSERT [dbo].[Keyword] ([Id], [Keyword1], [CourseId], [SubjectName], [Color], [DisciplineId]) VALUES (333, N'200', N'780', N'Truyền Thông & Giáo Dục Sức Khỏe', N'#BBDF95', 81)
INSERT [dbo].[Keyword] ([Id], [Keyword1], [CourseId], [SubjectName], [Color], [DisciplineId]) VALUES (334, N'302', N'542', N'Dịch Tễ Học', N'#F0F091', 81)
INSERT [dbo].[Keyword] ([Id], [Keyword1], [CourseId], [SubjectName], [Color], [DisciplineId]) VALUES (335, N'303', N'1377', N'Thực Hành Dịch Tễ Học', N'#84D59E', 81)
INSERT [dbo].[Keyword] ([Id], [Keyword1], [CourseId], [SubjectName], [Color], [DisciplineId]) VALUES (336, N'616', N'1993', N'Nha Khoa Công Cộng', N'#E494DD', 81)
INSERT [dbo].[Keyword] ([Id], [Keyword1], [CourseId], [SubjectName], [Color], [DisciplineId]) VALUES (337, N'151', N'52', N'Lý Thuyết Xác Suất & Thống Kê Toán', N'#B69EED', 82)
INSERT [dbo].[Keyword] ([Id], [Keyword1], [CourseId], [SubjectName], [Color], [DisciplineId]) VALUES (338, N'155', N'1284', N'Xác Suất Thống Kê Cho Y - Dược', N'#8ED0AD', 82)
INSERT [dbo].[Keyword] ([Id], [Keyword1], [CourseId], [SubjectName], [Color], [DisciplineId]) VALUES (339, N'271', N'315', N'Nguyên Lý Thống Kê Kinh Tế (với SPSS)', N'#EDD8AA', 82)
INSERT [dbo].[Keyword] ([Id], [Keyword1], [CourseId], [SubjectName], [Color], [DisciplineId]) VALUES (340, N'423', N'482', N'Phân Tích Thống Kê Du Lịch', N'#90C0B5', 82)
INSERT [dbo].[Keyword] ([Id], [Keyword1], [CourseId], [SubjectName], [Color], [DisciplineId]) VALUES (341, N'251', N'2113', N'Kỹ Thuật Nhiệt', N'#99EC84', 83)
INSERT [dbo].[Keyword] ([Id], [Keyword1], [CourseId], [SubjectName], [Color], [DisciplineId]) VALUES (342, N'404', N'307', N'Quản Trị Kinh Doanh Lữ Hành', N'#EACD91', 84)
INSERT [dbo].[Keyword] ([Id], [Keyword1], [CourseId], [SubjectName], [Color], [DisciplineId]) VALUES (343, N'411', N'478', N'Quản Trị Sự Kiện', N'#E3AADD', 84)
GO
